DROP TABLE IF EXISTS book_author_link;
DROP TABLE IF EXISTS reviews;
DROP TABLE IF EXISTS authors;
DROP TABLE IF EXISTS book_website_placements;
DROP TABLE IF EXISTS website_users;
DROP TABLE IF EXISTS books;
DROP TABLE IF EXISTS publishers;
DROP TABLE IF EXISTS [foo].[magazines];
DROP TABLE IF EXISTS stocks_price;
DROP TABLE IF EXISTS stocks;
DROP TABLE IF EXISTS comics;
DROP TABLE IF EXISTS brokers;

--Autogenerated id seed are set at 5001 for consistency with Postgres
--This allows for tests using the same id values for both languages
--Starting with id > 5000 is chosen arbitrarily so that the incremented id-s won't conflict with the manually inserted ids in this script


CREATE TABLE publishers(
    id bigint IDENTITY(5001, 1) PRIMARY KEY,
    name varchar(max) NOT NULL
);

CREATE TABLE books(
    id bigint IDENTITY(5001, 1) PRIMARY KEY,
    title varchar(max) NOT NULL,
    publisher_id bigint NOT NULL
);

CREATE TABLE book_website_placements(
    id bigint IDENTITY(5001, 1) PRIMARY KEY,
    book_id bigint UNIQUE NOT NULL,
    price bigint NOT NULL
);

CREATE TABLE website_users(
    id bigint PRIMARY KEY,
    username text NULL
);

CREATE TABLE authors(
    id bigint IDENTITY(5001, 1) PRIMARY KEY,
    name varchar(max) NOT NULL,
    birthdate varchar(max) NOT NULL
);

CREATE TABLE reviews(
    book_id bigint,
    id bigint IDENTITY(5001, 1),
    content varchar(max) DEFAULT('Its a classic') NOT NULL,
    PRIMARY KEY(book_id, id)
);

CREATE TABLE book_author_link(
    book_id bigint NOT NULL,
    author_id bigint NOT NULL,
    PRIMARY KEY(book_id, author_id)
);

EXEC('CREATE SCHEMA [foo]')

CREATE TABLE [foo].[magazines](
    id bigint PRIMARY KEY,
    title varchar(max) NOT NULL,
    issue_number bigint NULL
);

CREATE TABLE comics(
    id bigint PRIMARY KEY,
    title varchar(max) NOT NULL,
    volume bigint IDENTITY(5001,1),
    categoryName varchar(100) NOT NULL UNIQUE
);

CREATE TABLE stocks(
    categoryid bigint NOT NULL,
    pieceid bigint NOT NULL,
    categoryName varchar(100) NOT NULL,
    piecesAvailable bigint DEFAULT 0,
    piecesRequired bigint DEFAULT 0 NOT NULL,
    PRIMARY KEY(categoryid,pieceid)
);

CREATE TABLE stocks_price(
    categoryid bigint NOT NULL,
    pieceid bigint NOT NULL,
    instant char(10) NOT NULL,
    price float,
    PRIMARY KEY(categoryid, pieceid, instant)
);

CREATE TABLE brokers(
    [ID Number] BIGINT PRIMARY KEY,
    [First Name] varchar(max) NOT NULL,
    [Last Name] varchar(max) NOT NULL
);

ALTER TABLE books
ADD CONSTRAINT book_publisher_fk
FOREIGN KEY (publisher_id)
REFERENCES publishers (id)
ON DELETE CASCADE;

ALTER TABLE book_website_placements
ADD CONSTRAINT book_website_placement_book_fk
FOREIGN KEY (book_id)
REFERENCES books (id)
ON DELETE CASCADE;

ALTER TABLE reviews
ADD CONSTRAINT review_book_fk
FOREIGN KEY (book_id)
REFERENCES books (id)
ON DELETE CASCADE;

ALTER TABLE book_author_link
ADD CONSTRAINT book_author_link_book_fk
FOREIGN KEY (book_id)
REFERENCES books (id)
ON DELETE CASCADE;

ALTER TABLE book_author_link
ADD CONSTRAINT book_author_link_author_fk
FOREIGN KEY (author_id)
REFERENCES authors (id)
ON DELETE CASCADE;

ALTER TABLE stocks
ADD CONSTRAINT stocks_comics_fk
FOREIGN KEY (categoryName)
REFERENCES comics (categoryName)
ON DELETE CASCADE;

ALTER TABLE stocks_price
ADD CONSTRAINT stocks_price_stocks_fk
FOREIGN KEY (categoryid, pieceid)
REFERENCES stocks (categoryid, pieceid)
ON DELETE CASCADE;

SET IDENTITY_INSERT publishers ON
INSERT INTO publishers(id, name) VALUES (1234, 'Big Company'), (2345, 'Small Town Publisher'), (2323, 'TBD Publishing One'), (2324, 'TBD Publishing Two Ltd');
SET IDENTITY_INSERT publishers OFF

SET IDENTITY_INSERT authors ON
INSERT INTO authors(id, name, birthdate) VALUES (123, 'Jelte', '2001-01-01'), (124, 'Aniruddh', '2002-02-02'), (125, 'Aniruddh', '2001-01-01'), (126, 'Aaron', '2001-01-01');
SET IDENTITY_INSERT authors OFF

SET IDENTITY_INSERT books ON
INSERT INTO books(id, title, publisher_id) VALUES (1, 'Awesome book', 1234), (2, 'Also Awesome book', 1234), (3, 'Great wall of china explained', 2345), (4, 'US history in a nutshell', 2345), (5, 'Chernobyl Diaries', 2323), (6, 'The Palace Door', 2324), (7, 'The Groovy Bar', 2324), (8, 'Time to Eat', 2324);
SET IDENTITY_INSERT books OFF

SET IDENTITY_INSERT book_website_placements ON
INSERT INTO book_website_placements(id, book_id, price) VALUES (1, 1, 100), (2, 2, 50), (3, 3, 23), (4, 5, 33);
SET IDENTITY_INSERT book_website_placements OFF

INSERT INTO book_author_link(book_id, author_id) VALUES (1, 123), (2, 124), (3, 123), (3, 124), (4, 123), (4, 124);

SET IDENTITY_INSERT reviews ON
INSERT INTO reviews(id, book_id, content) VALUES (567, 1, 'Indeed a great book'), (568, 1, 'I loved it'), (569, 1, 'best book I read in years');
SET IDENTITY_INSERT reviews OFF

INSERT INTO website_users(id, username) VALUES (1, 'George'), (2, NULL), (3, ''), (4, 'book_lover_95'), (5, 'null');
INSERT INTO [foo].[magazines](id, title, issue_number) VALUES (1, 'Vogue', 1234), (11, 'Sports Illustrated', NULL), (3, 'Fitness', NULL);
INSERT INTO brokers([ID Number], [First Name], [Last Name]) VALUES (1, 'Michael', 'Burry'), (2, 'Jordan', 'Belfort');
INSERT INTO comics(id, title, categoryName) VALUES (1, 'Star Trek', 'SciFi'), (2, 'Cinderella', 'FairyTales'),(3,'Unknown','');
INSERT INTO stocks(categoryid, pieceid, categoryName) VALUES (1, 1, 'SciFi'), (2, 1, 'FairyTales'),(0,1,'');
