DROP TABLE IF EXISTS book_author_link;
DROP TABLE IF EXISTS reviews;
DROP TABLE IF EXISTS authors;
DROP TABLE IF EXISTS book_website_placements;
DROP TABLE IF EXISTS books;
DROP TABLE IF EXISTS publishers;
DROP TABLE IF EXISTS magazines;
DROP TABLE IF EXISTS stocks_price;
DROP TABLE IF EXISTS stocks;
DROP TABLE IF EXISTS comics;

CREATE TABLE publishers(
    id bigint AUTO_INCREMENT PRIMARY KEY,
    name text NOT NULL
);

CREATE TABLE books(
    id bigint AUTO_INCREMENT PRIMARY KEY,
    title text NOT NULL,
    publisher_id bigint NOT NULL
);

CREATE TABLE book_website_placements(
    id bigint AUTO_INCREMENT PRIMARY KEY,
    book_id bigint UNIQUE NOT NULL,
    price bigint NOT NULL
);

CREATE TABLE authors(
    id bigint AUTO_INCREMENT PRIMARY KEY,
    name text NOT NULL,
    birthdate text NOT NULL
);

CREATE TABLE reviews(
    book_id bigint NOT NULL,
    id bigint AUTO_INCREMENT,
    content text DEFAULT ('Its a classic') NOT NULL,
    PRIMARY KEY(book_id, id),
    INDEX (id)
);

CREATE TABLE book_author_link(
    book_id bigint NOT NULL,
    author_id bigint NOT NULL,
    PRIMARY KEY(book_id, author_id)
);

CREATE TABLE magazines(
    id bigint PRIMARY KEY,
    title text NOT NULL,
    issueNumber bigint NULL
);

CREATE TABLE comics(
    id bigint PRIMARY KEY,
    title text NOT NULL,
    volume bigint AUTO_INCREMENT UNIQUE KEY,
    categoryName varchar(100) NOT NULL UNIQUE
);

CREATE TABLE stocks(
    categoryid bigint NOT NULL,
    pieceid bigint NOT NULL,
    categoryName varchar(100) NOT NULL,
    piecesAvailable bigint DEFAULT (0),
    piecesRequired bigint DEFAULT (0) NOT NULL,
    PRIMARY KEY(categoryid, pieceid)
);

CREATE TABLE stocks_price(
    categoryid bigint NOT NULL,
    pieceid bigint NOT NULL,
    instant char(10) NOT NULL,
    price float,
    PRIMARY KEY(categoryid, pieceid, instant)
);

ALTER TABLE books
ADD CONSTRAINT book_publisher_fk
FOREIGN KEY (publisher_id)
REFERENCES publishers (id)
ON DELETE CASCADE;

ALTER TABLE book_website_placements
ADD CONSTRAINT book_website_placement_book_fk
FOREIGN KEY (book_id)
REFERENCES books (id)
ON DELETE CASCADE;

ALTER TABLE reviews
ADD CONSTRAINT review_book_fk
FOREIGN KEY (book_id)
REFERENCES books (id)
ON DELETE CASCADE;

ALTER TABLE book_author_link
ADD CONSTRAINT book_author_link_book_fk
FOREIGN KEY (book_id)
REFERENCES books (id)
ON DELETE CASCADE;

ALTER TABLE book_author_link
ADD CONSTRAINT book_author_link_author_fk
FOREIGN KEY (author_id)
REFERENCES authors (id)
ON DELETE CASCADE;

ALTER TABLE stocks
ADD CONSTRAINT stocks_comics_fk
FOREIGN KEY (categoryName)
REFERENCES comics (categoryName)
ON DELETE CASCADE;

ALTER TABLE stocks_price
ADD CONSTRAINT stocks_price_stocks_fk
FOREIGN KEY (categoryid, pieceid)
REFERENCES stocks (categoryid, pieceid)
ON DELETE CASCADE;

INSERT INTO publishers(id, name) VALUES (1234, 'Big Company'), (2345, 'Small Town Publisher'), (2323, 'TBD Publishing One'), (2324, 'TBD Publishing Two Ltd');
INSERT INTO authors(id, name, birthdate) VALUES (123, 'Jelte', '2001-01-01'), (124, 'Aniruddh', '2002-02-02');
INSERT INTO books(id, title, publisher_id) VALUES (1, 'Awesome book', 1234), (2, 'Also Awesome book', 1234), (3, 'Great wall of china explained', 2345), (4, 'US history in a nutshell', 2345), (5, 'Chernobyl Diaries', 2323), (6, 'The Palace Door', 2324), (7, 'The Groovy Bar', 2324), (8, 'Time to Eat', 2324);
INSERT INTO book_website_placements(book_id, price) VALUES (1, 100), (2, 50), (3, 23), (5, 33);
INSERT INTO book_author_link(book_id, author_id) VALUES (1, 123), (2, 124), (3, 123), (3, 124), (4, 123), (4, 124);
INSERT INTO reviews(id, book_id, content) VALUES (567, 1, 'Indeed a great book'), (568, 1, 'I loved it'), (569, 1, 'best book I read in years');
INSERT INTO comics(id, title, categoryName) VALUES (1, 'Star Trek', 'SciFi'), (2, 'Cinderella', 'FairyTales');
INSERT INTO stocks(categoryid, pieceid, categoryName) VALUES (1, 1, 'SciFi'), (2, 1, 'FairyTales');
-- Starting with id > 5000 is chosen arbitrarily so that the incremented id-s won't conflict with the manually inserted ids in this script
-- AUTO_INCREMENT is set to 5001 so the next autogenerated id will be 5001

ALTER TABLE books AUTO_INCREMENT = 5001;
ALTER TABLE book_website_placements AUTO_INCREMENT = 5001;
ALTER TABLE publishers AUTO_INCREMENT = 5001;
ALTER TABLE authors AUTO_INCREMENT = 5001;
ALTER TABLE reviews AUTO_INCREMENT = 5001;
ALTER TABLE comics AUTO_INCREMENT = 5001
