DROP TABLE IF EXISTS book_author_link;
DROP TABLE IF EXISTS reviews;
DROP TABLE IF EXISTS authors;
DROP TABLE IF EXISTS book_website_placements;
DROP TABLE IF EXISTS website_users;
DROP TABLE IF EXISTS books;
DROP TABLE IF EXISTS publishers;
DROP TABLE IF EXISTS foo.magazines;
DROP TABLE IF EXISTS stocks_price;
DROP TABLE IF EXISTS stocks;
DROP TABLE IF EXISTS comics;
DROP TABLE IF EXISTS brokers;
DROP TABLE IF EXISTS type_table;
DROP TABLE IF EXISTS trees;
DROP TABLE IF EXISTS fungi;

DROP SCHEMA IF EXISTS foo;

CREATE SCHEMA foo;

CREATE TABLE publishers(
    id int GENERATED BY DEFAULT AS IDENTITY PRIMARY KEY,
    name text NOT NULL
);

CREATE TABLE books(
    id int GENERATED BY DEFAULT AS IDENTITY PRIMARY KEY,
    title text NOT NULL,
    publisher_id int NOT NULL
);

CREATE TABLE book_website_placements(
    id int GENERATED BY DEFAULT AS IDENTITY PRIMARY KEY,
    book_id int UNIQUE NOT NULL,
    price int NOT NULL
);

CREATE TABLE website_users(
    id int PRIMARY KEY,
    username text NULL
);

CREATE TABLE authors(
    id int GENERATED BY DEFAULT AS IDENTITY PRIMARY KEY,
    name text NOT NULL,
    birthdate text NOT NULL
);

CREATE TABLE reviews(
    book_id int,
    id int GENERATED BY DEFAULT AS IDENTITY,
    content text DEFAULT 'Its a classic' NOT NULL,
    PRIMARY KEY(book_id, id)
);

CREATE TABLE book_author_link(
    book_id int NOT NULL,
    author_id int NOT NULL,
    PRIMARY KEY(book_id, author_id)
);

CREATE TABLE foo.magazines(
    id int PRIMARY KEY,
    title text NOT NULL,
    issue_number int NULL
);

CREATE TABLE comics(
    id int PRIMARY KEY,
    title text NOT NULL,
    volume int GENERATED BY DEFAULT AS IDENTITY,
    "categoryName" varchar(100) NOT NULL UNIQUE
);

CREATE TABLE stocks(
    categoryid int NOT NULL,
    pieceid int NOT NULL,
    "categoryName" varchar(100) NOT NULL,
    "piecesAvailable" int DEFAULT 0,
    "piecesRequired" int DEFAULT 0 NOT NULL,
    PRIMARY KEY(categoryid, pieceid)
);

CREATE TABLE stocks_price(
    categoryid int NOT NULL,
    pieceid int NOT NULL,
    instant varchar(10) NOT NULL,
    price float,
    is_wholesale_price boolean,
    PRIMARY KEY(categoryid, pieceid, instant)
);

CREATE TABLE brokers(
    "ID Number" int PRIMARY KEY,
    "First Name" text NOT NULL,
    "Last Name" text NOT NULL
);

CREATE TABLE type_table(
    id int GENERATED BY DEFAULT AS IDENTITY PRIMARY KEY,
    int_types int,
    string_types text,
    float_types float,
    boolean_types boolean
);

CREATE TABLE trees (
    "treeId" int PRIMARY KEY,
    species text,
    region text,
    height text
);

CREATE TABLE fungi (
    speciesid int PRIMARY KEY,
    region text
);

ALTER TABLE books
ADD CONSTRAINT book_publisher_fk
FOREIGN KEY (publisher_id)
REFERENCES publishers (id)
ON DELETE CASCADE;

ALTER TABLE book_website_placements
ADD CONSTRAINT book_website_placement_book_fk
FOREIGN KEY (book_id)
REFERENCES books (id)
ON DELETE CASCADE;

ALTER TABLE reviews
ADD CONSTRAINT review_book_fk
FOREIGN KEY (book_id)
REFERENCES books (id)
ON DELETE CASCADE;

ALTER TABLE book_author_link
ADD CONSTRAINT book_author_link_book_fk
FOREIGN KEY (book_id)
REFERENCES books (id)
ON DELETE CASCADE;

ALTER TABLE book_author_link
ADD CONSTRAINT book_author_link_author_fk
FOREIGN KEY (author_id)
REFERENCES authors (id)
ON DELETE CASCADE;

ALTER TABLE stocks
ADD CONSTRAINT stocks_comics_fk
FOREIGN KEY ("categoryName")
REFERENCES comics ("categoryName")
ON DELETE CASCADE;

ALTER TABLE stocks_price
ADD CONSTRAINT stocks_price_stocks_fk
FOREIGN KEY (categoryid, pieceid)
REFERENCES stocks (categoryid, pieceid)
ON DELETE CASCADE;

INSERT INTO publishers(id, name) VALUES (1234, 'Big Company'), (2345, 'Small Town Publisher'), (2323, 'TBD Publishing One'), (2324, 'TBD Publishing Two Ltd');
INSERT INTO authors(id, name, birthdate) VALUES (123, 'Jelte', '2001-01-01'), (124, 'Aniruddh', '2002-02-02'), (125, 'Aniruddh', '2001-01-01'), (126, 'Aaron', '2001-01-01');
INSERT INTO books(id, title, publisher_id) VALUES (1, 'Awesome book', 1234), (2, 'Also Awesome book', 1234), (3, 'Great wall of china explained', 2345), (4, 'US history in a nutshell', 2345), (5, 'Chernobyl Diaries', 2323), (6, 'The Palace Door', 2324), (7, 'The Groovy Bar', 2324), (8, 'Time to Eat', 2324);
INSERT INTO book_website_placements(book_id, price) VALUES (1, 100), (2, 50), (3, 23), (5, 33);
INSERT INTO website_users(id, username) VALUES (1, 'George'), (2, NULL), (3, ''), (4, 'book_lover_95'), (5, 'null');
INSERT INTO book_author_link(book_id, author_id) VALUES (1, 123), (2, 124), (3, 123), (3, 124), (4, 123), (4, 124);
INSERT INTO reviews(id, book_id, content) VALUES (567, 1, 'Indeed a great book'), (568, 1, 'I loved it'), (569, 1, 'best book I read in years');
INSERT INTO foo.magazines(id, title, issue_number) VALUES (1, 'Vogue', 1234), (11, 'Sports Illustrated', NULL), (3, 'Fitness', NULL);
INSERT INTO comics(id, title, "categoryName") VALUES (1, 'Star Trek', 'SciFi'), (2, 'Cinderella', 'FairyTales'),(3,'Únknown',''), (4, 'Alexander the Great', 'Historical');
INSERT INTO stocks(categoryid, pieceid, "categoryName") VALUES (1, 1, 'SciFi'), (2, 1, 'FairyTales'),(0,1,''),(100, 99, 'Historical');
INSERT INTO brokers("ID Number", "First Name", "Last Name") VALUES (1, 'Michael', 'Burry'), (2, 'Jordan', 'Belfort');
INSERT INTO stocks_price(categoryid, pieceid, instant, price, is_wholesale_price) VALUES (2, 1, 'instant1', 100.57, True), (1, 1, 'instant2', 42.75, False);
INSERT INTO type_table(id, int_types, string_types, float_types, boolean_types) VALUES (1, 1, '', 0.33, true), (2, -1, 'lksa;jdflasdf;alsdflksdfkldj', -9.2, false), (3, 123456, 'null', 1555.99, true), (4, NULL, NULL, NULL, NULL);
INSERT INTO trees("treeId", species, region, height) VALUES (1, 'Tsuga terophylla', 'Pacific Northwest', '30m'), (2, 'Pseudotsuga menziesii', 'Pacific Northwest', '40m');
INSERT INTO fungi(speciesid, region) VALUES (1, 'northeast'), (2, 'southwest');

--Starting with id > 5000 is chosen arbitrarily so that the incremented id-s won't conflict with the manually inserted ids in this script
--Sequence counter is set to 5000 so the next autogenerated id will be 5001

SELECT setval('books_id_seq', 5000);
SELECT setval('book_website_placements_id_seq', 5000);
SELECT setval('publishers_id_seq', 5000);
SELECT setval('authors_id_seq', 5000);
SELECT setval('reviews_id_seq', 5000);
SELECT setval('type_table_id_seq', 5000);
